sample-id	barcode-sequence
#q2:types	categorical
BAQ1370.1.2	GCCCAAGTTCAC
BAQ1370.3	GCGCCGAATCTT
BAQ1370.1.3	ATAAAGAGGAGG
BAQ1552.1.1	ATCCCAGCATGC
BAQ1552.2	GCTTCCAGACAA
BAQ2420.1.1	ACACAGTCCTGA
BAQ2420.1.2	ATTATACGGCGC
BAQ2420.2	TAAACGCGACTC
BAQ2420.3	CCTCGGGTACTA
BAQ2420.1.3	ATTCAGATGGCA
BAQ2462.1	TTCACCTGTATC
BAQ2462.2	CTCCAGGTCATG
BAQ2462.3	CAGGATTCGTAC
BAQ2687.1	GTGGCCTACTAC
BAQ2687.2	TTCCCTTCTCCG
BAQ2687.3	CATTTGACGACG
BAQ2838.1	CGCATACGACCT
BAQ2838.2	GCCTCGTACTGA
BAQ2838.3	ACCAACAGATTG
BAQ3473.1	AAGTGAAGCGAG
BAQ3473.2	TGCCGCCGTAAT
BAQ3473.3	AACCTCGGATAA
BAQ4166.1.1	GTGCTTGTGTAG
BAQ4166.1.2	CAACTAGACTCG
BAQ4166.2	GGAACGACGTGA
BAQ4166.3	TGTCAGCTGTCG
BAQ4166.1.3	AGTGCCCTTGGT
BAQ4697.1	CTGGTGCTGAAT
BAQ4697.2	GACAGAGGTGCA
BAQ4697.3	TCAGACCAACTG
BAQ895.2	TCCTCACTATCA
BAQ895.3	GCCTGCAGTACT
YUN1005.1.1	ACGTAACCACGT
YUN1005.2	TCTAACGAGTGC
YUN1005.3	CATCTGGGCAAT
YUN1005.1.3	GTCGGAAATTGT
YUN1242.1	TGTCCGTGGATC
YUN1242.2	ACTCGGCCAACT
YUN1242.3	GTTGGTTGGCAT
YUN1609.1	TTCCACACGTGG
YUN1609.3	AACCCAGATGAT
YUN2029.1	GTAGTGTCAACA
YUN2029.2	TGGAGAGGAGAT
YUN2029.3	CGTATAAATGCG
YUN3008.1.1	ATCGATCCACAG
YUN3008.1.2	ACACCGCACAAT
YUN3008.2	GTAGCACTCATG
YUN3008.3	CACCTGTAGTAG
YUN3008.1.3	GTCTCCTCCCTT
YUN3153.1	AATACAGACCTG
YUN3153.2	GACTCAACCAGT
YUN3153.3	GGAAGAAGTAGC
YUN3184.1	CACGAGCTACTC
YUN3184.2	TCTCGATAAGCG
YUN3259.1.1	TAGACACCGTGT
YUN3259.1.2	AGACAAGCTTCC
YUN3259.2	TCACTTGGTGCG
YUN3259.3	TTATGTACGGCG
YUN3259.1.3	TCCGCAACCTGA
YUN3346.1	GAGATACAGTTC
YUN3346.2	GCATGCATCCCA
YUN3346.3	GATCTAATCGAG
YUN3428.1	TACGCCCATCAG
YUN3428.2	AAGATCGTACTG
YUN3428.3	ACTCATCTTCCA
YUN3533.1.1	TTGGACGTCCAC
YUN3533.1.2	TCCAGGGCTATA
YUN3533.2	GAAACTCCTAGA
YUN3533.3	ATCGGGCTTAAC
YUN3533.1.3	GCGTAGAGAGAC
YUN3856.1.1	AATCTTGCGCCG
YUN3856.1.2	GGAAATCCCATC
YUN3856.2	TTGGAACGGCTT
YUN3856.3	TCCTAGGTCCGA
YUN3856.1.3	GACCGTCAATAC
